age,triangle,sex,time,count
13,Lower,Female,2011,0
13,Upper,Female,2011,0
14,Lower,Female,2011,1
14,Upper,Female,2011,0
15,Lower,Female,2011,0
15,Upper,Female,2011,1
16,Lower,Female,2011,3
16,Upper,Female,2011,1
17,Lower,Female,2011,7
17,Upper,Female,2011,4
18,Lower,Female,2011,4
18,Upper,Female,2011,12
19,Lower,Female,2011,5
19,Upper,Female,2011,8
20,Lower,Female,2011,9
20,Upper,Female,2011,10
21,Lower,Female,2011,11
21,Upper,Female,2011,11
22,Lower,Female,2011,16
22,Upper,Female,2011,13
23,Lower,Female,2011,9
23,Upper,Female,2011,10
24,Lower,Female,2011,13
24,Upper,Female,2011,14
25,Lower,Female,2011,17
25,Upper,Female,2011,9
26,Lower,Female,2011,6
26,Upper,Female,2011,13
27,Lower,Female,2011,17
27,Upper,Female,2011,18
28,Lower,Female,2011,7
28,Upper,Female,2011,7
29,Lower,Female,2011,11
29,Upper,Female,2011,13
30,Lower,Female,2011,16
30,Upper,Female,2011,6
31,Lower,Female,2011,13
31,Upper,Female,2011,7
32,Lower,Female,2011,7
32,Upper,Female,2011,7
33,Lower,Female,2011,6
33,Upper,Female,2011,5
34,Lower,Female,2011,7
34,Upper,Female,2011,3
35,Lower,Female,2011,4
35,Upper,Female,2011,2
36,Lower,Female,2011,3
36,Upper,Female,2011,4
37,Lower,Female,2011,3
37,Upper,Female,2011,4
38,Lower,Female,2011,1
38,Upper,Female,2011,1
39,Lower,Female,2011,1
39,Upper,Female,2011,1
40,Lower,Female,2011,0
40,Upper,Female,2011,0
41,Lower,Female,2011,0
41,Upper,Female,2011,3
42,Lower,Female,2011,0
42,Upper,Female,2011,0
43,Lower,Female,2011,0
43,Upper,Female,2011,0
44,Lower,Female,2011,0
44,Upper,Female,2011,0
45,Lower,Female,2011,0
45,Upper,Female,2011,0
46,Lower,Female,2011,0
46,Upper,Female,2011,0
47,Lower,Female,2011,0
47,Upper,Female,2011,0
48,Lower,Female,2011,0
48,Upper,Female,2011,0
49,Lower,Female,2011,0
49,Upper,Female,2011,0
50,Lower,Female,2011,0
50,Upper,Female,2011,0
13,Lower,Male,2011,0
13,Upper,Male,2011,0
14,Lower,Male,2011,0
14,Upper,Male,2011,0
15,Lower,Male,2011,0
15,Upper,Male,2011,1
16,Lower,Male,2011,2
16,Upper,Male,2011,2
17,Lower,Male,2011,6
17,Upper,Male,2011,6
18,Lower,Male,2011,6
18,Upper,Male,2011,9
19,Lower,Male,2011,7
19,Upper,Male,2011,7
20,Lower,Male,2011,12
20,Upper,Male,2011,16
21,Lower,Male,2011,12
21,Upper,Male,2011,9
22,Lower,Male,2011,15
22,Upper,Male,2011,11
23,Lower,Male,2011,10
23,Upper,Male,2011,9
24,Lower,Male,2011,18
24,Upper,Male,2011,11
25,Lower,Male,2011,11
25,Upper,Male,2011,13
26,Lower,Male,2011,10
26,Upper,Male,2011,13
27,Lower,Male,2011,17
27,Upper,Male,2011,20
28,Lower,Male,2011,8
28,Upper,Male,2011,9
29,Lower,Male,2011,13
29,Upper,Male,2011,14
30,Lower,Male,2011,11
30,Upper,Male,2011,9
31,Lower,Male,2011,18
31,Upper,Male,2011,8
32,Lower,Male,2011,15
32,Upper,Male,2011,5
33,Lower,Male,2011,7
33,Upper,Male,2011,10
34,Lower,Male,2011,6
34,Upper,Male,2011,3
35,Lower,Male,2011,2
35,Upper,Male,2011,5
36,Lower,Male,2011,9
36,Upper,Male,2011,4
37,Lower,Male,2011,5
37,Upper,Male,2011,3
38,Lower,Male,2011,4
38,Upper,Male,2011,3
39,Lower,Male,2011,3
39,Upper,Male,2011,1
40,Lower,Male,2011,2
40,Upper,Male,2011,0
41,Lower,Male,2011,2
41,Upper,Male,2011,0
42,Lower,Male,2011,1
42,Upper,Male,2011,0
43,Lower,Male,2011,2
43,Upper,Male,2011,1
44,Lower,Male,2011,1
44,Upper,Male,2011,0
45,Lower,Male,2011,0
45,Upper,Male,2011,0
46,Lower,Male,2011,0
46,Upper,Male,2011,0
47,Lower,Male,2011,0
47,Upper,Male,2011,0
48,Lower,Male,2011,0
48,Upper,Male,2011,0
49,Lower,Male,2011,0
49,Upper,Male,2011,0
50,Lower,Male,2011,0
50,Upper,Male,2011,0
13,Lower,Female,2012,0
13,Upper,Female,2012,0
14,Lower,Female,2012,0
14,Upper,Female,2012,0
15,Lower,Female,2012,2
15,Upper,Female,2012,0
16,Lower,Female,2012,1
16,Upper,Female,2012,1
17,Lower,Female,2012,3
17,Upper,Female,2012,4
18,Lower,Female,2012,6
18,Upper,Female,2012,12
19,Lower,Female,2012,8
19,Upper,Female,2012,12
20,Lower,Female,2012,15
20,Upper,Female,2012,10
21,Lower,Female,2012,13
21,Upper,Female,2012,7
22,Lower,Female,2012,13
22,Upper,Female,2012,14
23,Lower,Female,2012,13
23,Upper,Female,2012,10
24,Lower,Female,2012,15
24,Upper,Female,2012,10
25,Lower,Female,2012,11
25,Upper,Female,2012,8
26,Lower,Female,2012,17
26,Upper,Female,2012,12
27,Lower,Female,2012,15
27,Upper,Female,2012,11
28,Lower,Female,2012,10
28,Upper,Female,2012,13
29,Lower,Female,2012,11
29,Upper,Female,2012,12
30,Lower,Female,2012,9
30,Upper,Female,2012,6
31,Lower,Female,2012,7
31,Upper,Female,2012,9
32,Lower,Female,2012,12
32,Upper,Female,2012,9
33,Lower,Female,2012,4
33,Upper,Female,2012,5
34,Lower,Female,2012,3
34,Upper,Female,2012,5
35,Lower,Female,2012,2
35,Upper,Female,2012,6
36,Lower,Female,2012,2
36,Upper,Female,2012,5
37,Lower,Female,2012,2
37,Upper,Female,2012,1
38,Lower,Female,2012,2
38,Upper,Female,2012,5
39,Lower,Female,2012,3
39,Upper,Female,2012,3
40,Lower,Female,2012,0
40,Upper,Female,2012,3
41,Lower,Female,2012,1
41,Upper,Female,2012,0
42,Lower,Female,2012,2
42,Upper,Female,2012,0
43,Lower,Female,2012,0
43,Upper,Female,2012,1
44,Lower,Female,2012,0
44,Upper,Female,2012,0
45,Lower,Female,2012,1
45,Upper,Female,2012,0
46,Lower,Female,2012,0
46,Upper,Female,2012,0
47,Lower,Female,2012,0
47,Upper,Female,2012,0
48,Lower,Female,2012,0
48,Upper,Female,2012,0
49,Lower,Female,2012,0
49,Upper,Female,2012,0
50,Lower,Female,2012,0
50,Upper,Female,2012,0
13,Lower,Male,2012,0
13,Upper,Male,2012,0
14,Lower,Male,2012,0
14,Upper,Male,2012,0
15,Lower,Male,2012,0
15,Upper,Male,2012,2
16,Lower,Male,2012,1
16,Upper,Male,2012,1
17,Lower,Male,2012,1
17,Upper,Male,2012,6
18,Lower,Male,2012,4
18,Upper,Male,2012,5
19,Lower,Male,2012,6
19,Upper,Male,2012,11
20,Lower,Male,2012,13
20,Upper,Male,2012,13
21,Lower,Male,2012,12
21,Upper,Male,2012,14
22,Lower,Male,2012,8
22,Upper,Male,2012,12
23,Lower,Male,2012,9
23,Upper,Male,2012,16
24,Lower,Male,2012,15
24,Upper,Male,2012,10
25,Lower,Male,2012,13
25,Upper,Male,2012,12
26,Lower,Male,2012,12
26,Upper,Male,2012,12
27,Lower,Male,2012,9
27,Upper,Male,2012,9
28,Lower,Male,2012,9
28,Upper,Male,2012,11
29,Lower,Male,2012,12
29,Upper,Male,2012,15
30,Lower,Male,2012,12
30,Upper,Male,2012,13
31,Lower,Male,2012,6
31,Upper,Male,2012,3
32,Lower,Male,2012,8
32,Upper,Male,2012,13
33,Lower,Male,2012,8
33,Upper,Male,2012,4
34,Lower,Male,2012,7
34,Upper,Male,2012,3
35,Lower,Male,2012,5
35,Upper,Male,2012,2
36,Lower,Male,2012,7
36,Upper,Male,2012,5
37,Lower,Male,2012,2
37,Upper,Male,2012,0
38,Lower,Male,2012,4
38,Upper,Male,2012,2
39,Lower,Male,2012,4
39,Upper,Male,2012,2
40,Lower,Male,2012,0
40,Upper,Male,2012,1
41,Lower,Male,2012,2
41,Upper,Male,2012,0
42,Lower,Male,2012,1
42,Upper,Male,2012,1
43,Lower,Male,2012,0
43,Upper,Male,2012,0
44,Lower,Male,2012,0
44,Upper,Male,2012,0
45,Lower,Male,2012,1
45,Upper,Male,2012,0
46,Lower,Male,2012,0
46,Upper,Male,2012,0
47,Lower,Male,2012,0
47,Upper,Male,2012,0
48,Lower,Male,2012,0
48,Upper,Male,2012,0
49,Lower,Male,2012,0
49,Upper,Male,2012,0
50,Lower,Male,2012,0
50,Upper,Male,2012,0
13,Lower,Female,2013,0
13,Upper,Female,2013,0
14,Lower,Female,2013,0
14,Upper,Female,2013,0
15,Lower,Female,2013,1
15,Upper,Female,2013,0
16,Lower,Female,2013,0
16,Upper,Female,2013,1
17,Lower,Female,2013,6
17,Upper,Female,2013,5
18,Lower,Female,2013,5
18,Upper,Female,2013,5
19,Lower,Female,2013,4
19,Upper,Female,2013,7
20,Lower,Female,2013,10
20,Upper,Female,2013,18
21,Lower,Female,2013,11
21,Upper,Female,2013,12
22,Lower,Female,2013,9
22,Upper,Female,2013,11
23,Lower,Female,2013,19
23,Upper,Female,2013,16
24,Lower,Female,2013,14
24,Upper,Female,2013,16
25,Lower,Female,2013,17
25,Upper,Female,2013,9
26,Lower,Female,2013,10
26,Upper,Female,2013,13
27,Lower,Female,2013,5
27,Upper,Female,2013,9
28,Lower,Female,2013,11
28,Upper,Female,2013,12
29,Lower,Female,2013,9
29,Upper,Female,2013,5
30,Lower,Female,2013,5
30,Upper,Female,2013,10
31,Lower,Female,2013,8
31,Upper,Female,2013,12
32,Lower,Female,2013,5
32,Upper,Female,2013,8
33,Lower,Female,2013,7
33,Upper,Female,2013,6
34,Lower,Female,2013,6
34,Upper,Female,2013,3
35,Lower,Female,2013,2
35,Upper,Female,2013,2
36,Lower,Female,2013,1
36,Upper,Female,2013,3
37,Lower,Female,2013,4
37,Upper,Female,2013,3
38,Lower,Female,2013,4
38,Upper,Female,2013,2
39,Lower,Female,2013,1
39,Upper,Female,2013,0
40,Lower,Female,2013,1
40,Upper,Female,2013,0
41,Lower,Female,2013,1
41,Upper,Female,2013,2
42,Lower,Female,2013,0
42,Upper,Female,2013,0
43,Lower,Female,2013,0
43,Upper,Female,2013,0
44,Lower,Female,2013,0
44,Upper,Female,2013,0
45,Lower,Female,2013,0
45,Upper,Female,2013,0
46,Lower,Female,2013,0
46,Upper,Female,2013,0
47,Lower,Female,2013,0
47,Upper,Female,2013,0
48,Lower,Female,2013,0
48,Upper,Female,2013,0
49,Lower,Female,2013,0
49,Upper,Female,2013,0
50,Lower,Female,2013,0
50,Upper,Female,2013,0
13,Lower,Male,2013,0
13,Upper,Male,2013,0
14,Lower,Male,2013,0
14,Upper,Male,2013,1
15,Lower,Male,2013,0
15,Upper,Male,2013,0
16,Lower,Male,2013,2
16,Upper,Male,2013,2
17,Lower,Male,2013,1
17,Upper,Male,2013,6
18,Lower,Male,2013,4
18,Upper,Male,2013,4
19,Lower,Male,2013,17
19,Upper,Male,2013,14
20,Lower,Male,2013,10
20,Upper,Male,2013,9
21,Lower,Male,2013,16
21,Upper,Male,2013,14
22,Lower,Male,2013,13
22,Upper,Male,2013,12
23,Lower,Male,2013,7
23,Upper,Male,2013,17
24,Lower,Male,2013,12
24,Upper,Male,2013,17
25,Lower,Male,2013,8
25,Upper,Male,2013,14
26,Lower,Male,2013,15
26,Upper,Male,2013,15
27,Lower,Male,2013,15
27,Upper,Male,2013,20
28,Lower,Male,2013,19
28,Upper,Male,2013,6
29,Lower,Male,2013,11
29,Upper,Male,2013,10
30,Lower,Male,2013,13
30,Upper,Male,2013,12
31,Lower,Male,2013,15
31,Upper,Male,2013,10
32,Lower,Male,2013,9
32,Upper,Male,2013,7
33,Lower,Male,2013,9
33,Upper,Male,2013,6
34,Lower,Male,2013,11
34,Upper,Male,2013,4
35,Lower,Male,2013,4
35,Upper,Male,2013,5
36,Lower,Male,2013,12
36,Upper,Male,2013,3
37,Lower,Male,2013,3
37,Upper,Male,2013,2
38,Lower,Male,2013,2
38,Upper,Male,2013,3
39,Lower,Male,2013,0
39,Upper,Male,2013,3
40,Lower,Male,2013,1
40,Upper,Male,2013,2
41,Lower,Male,2013,0
41,Upper,Male,2013,1
42,Lower,Male,2013,0
42,Upper,Male,2013,5
43,Lower,Male,2013,1
43,Upper,Male,2013,0
44,Lower,Male,2013,0
44,Upper,Male,2013,0
45,Lower,Male,2013,0
45,Upper,Male,2013,0
46,Lower,Male,2013,0
46,Upper,Male,2013,0
47,Lower,Male,2013,0
47,Upper,Male,2013,0
48,Lower,Male,2013,0
48,Upper,Male,2013,0
49,Lower,Male,2013,0
49,Upper,Male,2013,0
50,Lower,Male,2013,0
50,Upper,Male,2013,0
13,Lower,Female,2014,0
13,Upper,Female,2014,0
14,Lower,Female,2014,0
14,Upper,Female,2014,0
15,Lower,Female,2014,0
15,Upper,Female,2014,0
16,Lower,Female,2014,2
16,Upper,Female,2014,3
17,Lower,Female,2014,3
17,Upper,Female,2014,5
18,Lower,Female,2014,7
18,Upper,Female,2014,9
19,Lower,Female,2014,8
19,Upper,Female,2014,12
20,Lower,Female,2014,7
20,Upper,Female,2014,8
21,Lower,Female,2014,13
21,Upper,Female,2014,11
22,Lower,Female,2014,9
22,Upper,Female,2014,11
23,Lower,Female,2014,19
23,Upper,Female,2014,13
24,Lower,Female,2014,9
24,Upper,Female,2014,14
25,Lower,Female,2014,9
25,Upper,Female,2014,11
26,Lower,Female,2014,12
26,Upper,Female,2014,9
27,Lower,Female,2014,13
27,Upper,Female,2014,14
28,Lower,Female,2014,10
28,Upper,Female,2014,11
29,Lower,Female,2014,15
29,Upper,Female,2014,14
30,Lower,Female,2014,16
30,Upper,Female,2014,10
31,Lower,Female,2014,10
31,Upper,Female,2014,10
32,Lower,Female,2014,7
32,Upper,Female,2014,3
33,Lower,Female,2014,8
33,Upper,Female,2014,8
34,Lower,Female,2014,2
34,Upper,Female,2014,7
35,Lower,Female,2014,4
35,Upper,Female,2014,6
36,Lower,Female,2014,4
36,Upper,Female,2014,0
37,Lower,Female,2014,4
37,Upper,Female,2014,3
38,Lower,Female,2014,1
38,Upper,Female,2014,2
39,Lower,Female,2014,2
39,Upper,Female,2014,3
40,Lower,Female,2014,0
40,Upper,Female,2014,1
41,Lower,Female,2014,1
41,Upper,Female,2014,0
42,Lower,Female,2014,1
42,Upper,Female,2014,1
43,Lower,Female,2014,2
43,Upper,Female,2014,1
44,Lower,Female,2014,0
44,Upper,Female,2014,0
45,Lower,Female,2014,0
45,Upper,Female,2014,0
46,Lower,Female,2014,0
46,Upper,Female,2014,0
47,Lower,Female,2014,0
47,Upper,Female,2014,0
48,Lower,Female,2014,0
48,Upper,Female,2014,0
49,Lower,Female,2014,0
49,Upper,Female,2014,0
50,Lower,Female,2014,0
50,Upper,Female,2014,0
13,Lower,Male,2014,0
13,Upper,Male,2014,1
14,Lower,Male,2014,0
14,Upper,Male,2014,0
15,Lower,Male,2014,1
15,Upper,Male,2014,0
16,Lower,Male,2014,1
16,Upper,Male,2014,2
17,Lower,Male,2014,1
17,Upper,Male,2014,1
18,Lower,Male,2014,4
18,Upper,Male,2014,6
19,Lower,Male,2014,7
19,Upper,Male,2014,11
20,Lower,Male,2014,10
20,Upper,Male,2014,9
21,Lower,Male,2014,13
21,Upper,Male,2014,11
22,Lower,Male,2014,7
22,Upper,Male,2014,12
23,Lower,Male,2014,7
23,Upper,Male,2014,9
24,Lower,Male,2014,11
24,Upper,Male,2014,11
25,Lower,Male,2014,15
25,Upper,Male,2014,18
26,Lower,Male,2014,16
26,Upper,Male,2014,18
27,Lower,Male,2014,11
27,Upper,Male,2014,17
28,Lower,Male,2014,9
28,Upper,Male,2014,20
29,Lower,Male,2014,10
29,Upper,Male,2014,20
30,Lower,Male,2014,19
30,Upper,Male,2014,6
31,Lower,Male,2014,9
31,Upper,Male,2014,9
32,Lower,Male,2014,13
32,Upper,Male,2014,7
33,Lower,Male,2014,7
33,Upper,Male,2014,7
34,Lower,Male,2014,8
34,Upper,Male,2014,4
35,Lower,Male,2014,2
35,Upper,Male,2014,4
36,Lower,Male,2014,1
36,Upper,Male,2014,1
37,Lower,Male,2014,3
37,Upper,Male,2014,3
38,Lower,Male,2014,1
38,Upper,Male,2014,3
39,Lower,Male,2014,3
39,Upper,Male,2014,2
40,Lower,Male,2014,2
40,Upper,Male,2014,1
41,Lower,Male,2014,0
41,Upper,Male,2014,2
42,Lower,Male,2014,0
42,Upper,Male,2014,0
43,Lower,Male,2014,1
43,Upper,Male,2014,0
44,Lower,Male,2014,0
44,Upper,Male,2014,0
45,Lower,Male,2014,0
45,Upper,Male,2014,0
46,Lower,Male,2014,0
46,Upper,Male,2014,0
47,Lower,Male,2014,0
47,Upper,Male,2014,0
48,Lower,Male,2014,0
48,Upper,Male,2014,0
49,Lower,Male,2014,0
49,Upper,Male,2014,0
50,Lower,Male,2014,0
50,Upper,Male,2014,0
13,Lower,Female,2015,0
13,Upper,Female,2015,0
14,Lower,Female,2015,0
14,Upper,Female,2015,0
15,Lower,Female,2015,0
15,Upper,Female,2015,1
16,Lower,Female,2015,0
16,Upper,Female,2015,2
17,Lower,Female,2015,2
17,Upper,Female,2015,4
18,Lower,Female,2015,6
18,Upper,Female,2015,7
19,Lower,Female,2015,8
19,Upper,Female,2015,7
20,Lower,Female,2015,10
20,Upper,Female,2015,9
21,Lower,Female,2015,12
21,Upper,Female,2015,7
22,Lower,Female,2015,10
22,Upper,Female,2015,19
23,Lower,Female,2015,6
23,Upper,Female,2015,8
24,Lower,Female,2015,16
24,Upper,Female,2015,13
25,Lower,Female,2015,13
25,Upper,Female,2015,9
26,Lower,Female,2015,12
26,Upper,Female,2015,20
27,Lower,Female,2015,12
27,Upper,Female,2015,12
28,Lower,Female,2015,19
28,Upper,Female,2015,9
29,Lower,Female,2015,14
29,Upper,Female,2015,9
30,Lower,Female,2015,12
30,Upper,Female,2015,11
31,Lower,Female,2015,12
31,Upper,Female,2015,9
32,Lower,Female,2015,11
32,Upper,Female,2015,9
33,Lower,Female,2015,5
33,Upper,Female,2015,9
34,Lower,Female,2015,8
34,Upper,Female,2015,7
35,Lower,Female,2015,4
35,Upper,Female,2015,6
36,Lower,Female,2015,6
36,Upper,Female,2015,3
37,Lower,Female,2015,4
37,Upper,Female,2015,5
38,Lower,Female,2015,2
38,Upper,Female,2015,3
39,Lower,Female,2015,1
39,Upper,Female,2015,0
40,Lower,Female,2015,1
40,Upper,Female,2015,2
41,Lower,Female,2015,2
41,Upper,Female,2015,1
42,Lower,Female,2015,0
42,Upper,Female,2015,1
43,Lower,Female,2015,0
43,Upper,Female,2015,2
44,Lower,Female,2015,1
44,Upper,Female,2015,0
45,Lower,Female,2015,0
45,Upper,Female,2015,1
46,Lower,Female,2015,0
46,Upper,Female,2015,0
47,Lower,Female,2015,0
47,Upper,Female,2015,0
48,Lower,Female,2015,0
48,Upper,Female,2015,0
49,Lower,Female,2015,0
49,Upper,Female,2015,0
50,Lower,Female,2015,0
50,Upper,Female,2015,0
13,Lower,Male,2015,0
13,Upper,Male,2015,0
14,Lower,Male,2015,0
14,Upper,Male,2015,0
15,Lower,Male,2015,0
15,Upper,Male,2015,1
16,Lower,Male,2015,1
16,Upper,Male,2015,4
17,Lower,Male,2015,1
17,Upper,Male,2015,7
18,Lower,Male,2015,5
18,Upper,Male,2015,10
19,Lower,Male,2015,4
19,Upper,Male,2015,4
20,Lower,Male,2015,8
20,Upper,Male,2015,10
21,Lower,Male,2015,9
21,Upper,Male,2015,17
22,Lower,Male,2015,11
22,Upper,Male,2015,9
23,Lower,Male,2015,14
23,Upper,Male,2015,16
24,Lower,Male,2015,17
24,Upper,Male,2015,16
25,Lower,Male,2015,18
25,Upper,Male,2015,11
26,Lower,Male,2015,19
26,Upper,Male,2015,18
27,Lower,Male,2015,16
27,Upper,Male,2015,13
28,Lower,Male,2015,15
28,Upper,Male,2015,12
29,Lower,Male,2015,12
29,Upper,Male,2015,11
30,Lower,Male,2015,10
30,Upper,Male,2015,7
31,Lower,Male,2015,10
31,Upper,Male,2015,8
32,Lower,Male,2015,11
32,Upper,Male,2015,9
33,Lower,Male,2015,5
33,Upper,Male,2015,9
34,Lower,Male,2015,7
34,Upper,Male,2015,11
35,Lower,Male,2015,6
35,Upper,Male,2015,9
36,Lower,Male,2015,10
36,Upper,Male,2015,2
37,Lower,Male,2015,2
37,Upper,Male,2015,0
38,Lower,Male,2015,3
38,Upper,Male,2015,4
39,Lower,Male,2015,1
39,Upper,Male,2015,2
40,Lower,Male,2015,0
40,Upper,Male,2015,0
41,Lower,Male,2015,2
41,Upper,Male,2015,0
42,Lower,Male,2015,0
42,Upper,Male,2015,0
43,Lower,Male,2015,2
43,Upper,Male,2015,0
44,Lower,Male,2015,1
44,Upper,Male,2015,0
45,Lower,Male,2015,0
45,Upper,Male,2015,0
46,Lower,Male,2015,0
46,Upper,Male,2015,0
47,Lower,Male,2015,0
47,Upper,Male,2015,0
48,Lower,Male,2015,0
48,Upper,Male,2015,0
49,Lower,Male,2015,0
49,Upper,Male,2015,0
50,Lower,Male,2015,0
50,Upper,Male,2015,0
13,Lower,Female,2016,0
13,Upper,Female,2016,0
14,Lower,Female,2016,0
14,Upper,Female,2016,0
15,Lower,Female,2016,1
15,Upper,Female,2016,1
16,Lower,Female,2016,0
16,Upper,Female,2016,1
17,Lower,Female,2016,1
17,Upper,Female,2016,3
18,Lower,Female,2016,5
18,Upper,Female,2016,11
19,Lower,Female,2016,9
19,Upper,Female,2016,5
20,Lower,Female,2016,12
20,Upper,Female,2016,10
21,Lower,Female,2016,11
21,Upper,Female,2016,10
22,Lower,Female,2016,8
22,Upper,Female,2016,5
23,Lower,Female,2016,10
23,Upper,Female,2016,9
24,Lower,Female,2016,9
24,Upper,Female,2016,13
25,Lower,Female,2016,8
25,Upper,Female,2016,12
26,Lower,Female,2016,16
26,Upper,Female,2016,15
27,Lower,Female,2016,14
27,Upper,Female,2016,10
28,Lower,Female,2016,16
28,Upper,Female,2016,14
29,Lower,Female,2016,12
29,Upper,Female,2016,13
30,Lower,Female,2016,6
30,Upper,Female,2016,15
31,Lower,Female,2016,13
31,Upper,Female,2016,11
32,Lower,Female,2016,8
32,Upper,Female,2016,10
33,Lower,Female,2016,8
33,Upper,Female,2016,9
34,Lower,Female,2016,2
34,Upper,Female,2016,5
35,Lower,Female,2016,9
35,Upper,Female,2016,3
36,Lower,Female,2016,7
36,Upper,Female,2016,11
37,Lower,Female,2016,2
37,Upper,Female,2016,1
38,Lower,Female,2016,4
38,Upper,Female,2016,2
39,Lower,Female,2016,1
39,Upper,Female,2016,2
40,Lower,Female,2016,0
40,Upper,Female,2016,0
41,Lower,Female,2016,1
41,Upper,Female,2016,2
42,Lower,Female,2016,0
42,Upper,Female,2016,0
43,Lower,Female,2016,0
43,Upper,Female,2016,0
44,Lower,Female,2016,0
44,Upper,Female,2016,0
45,Lower,Female,2016,1
45,Upper,Female,2016,0
46,Lower,Female,2016,0
46,Upper,Female,2016,0
47,Lower,Female,2016,0
47,Upper,Female,2016,0
48,Lower,Female,2016,0
48,Upper,Female,2016,0
49,Lower,Female,2016,0
49,Upper,Female,2016,0
50,Lower,Female,2016,0
50,Upper,Female,2016,0
13,Lower,Male,2016,0
13,Upper,Male,2016,0
14,Lower,Male,2016,0
14,Upper,Male,2016,0
15,Lower,Male,2016,1
15,Upper,Male,2016,1
16,Lower,Male,2016,0
16,Upper,Male,2016,1
17,Lower,Male,2016,3
17,Upper,Male,2016,2
18,Lower,Male,2016,7
18,Upper,Male,2016,4
19,Lower,Male,2016,12
19,Upper,Male,2016,12
20,Lower,Male,2016,13
20,Upper,Male,2016,13
21,Lower,Male,2016,11
21,Upper,Male,2016,9
22,Lower,Male,2016,10
22,Upper,Male,2016,11
23,Lower,Male,2016,17
23,Upper,Male,2016,13
24,Lower,Male,2016,11
24,Upper,Male,2016,15
25,Lower,Male,2016,15
25,Upper,Male,2016,14
26,Lower,Male,2016,17
26,Upper,Male,2016,13
27,Lower,Male,2016,15
27,Upper,Male,2016,12
28,Lower,Male,2016,8
28,Upper,Male,2016,9
29,Lower,Male,2016,9
29,Upper,Male,2016,14
30,Lower,Male,2016,16
30,Upper,Male,2016,13
31,Lower,Male,2016,6
31,Upper,Male,2016,10
32,Lower,Male,2016,5
32,Upper,Male,2016,10
33,Lower,Male,2016,8
33,Upper,Male,2016,8
34,Lower,Male,2016,7
34,Upper,Male,2016,8
35,Lower,Male,2016,4
35,Upper,Male,2016,5
36,Lower,Male,2016,13
36,Upper,Male,2016,4
37,Lower,Male,2016,4
37,Upper,Male,2016,2
38,Lower,Male,2016,2
38,Upper,Male,2016,5
39,Lower,Male,2016,3
39,Upper,Male,2016,1
40,Lower,Male,2016,1
40,Upper,Male,2016,1
41,Lower,Male,2016,1
41,Upper,Male,2016,0
42,Lower,Male,2016,1
42,Upper,Male,2016,1
43,Lower,Male,2016,0
43,Upper,Male,2016,0
44,Lower,Male,2016,1
44,Upper,Male,2016,0
45,Lower,Male,2016,1
45,Upper,Male,2016,0
46,Lower,Male,2016,0
46,Upper,Male,2016,0
47,Lower,Male,2016,0
47,Upper,Male,2016,0
48,Lower,Male,2016,0
48,Upper,Male,2016,0
49,Lower,Male,2016,0
49,Upper,Male,2016,0
50,Lower,Male,2016,0
50,Upper,Male,2016,0
13,Lower,Female,2017,0
13,Upper,Female,2017,0
14,Lower,Female,2017,0
14,Upper,Female,2017,0
15,Lower,Female,2017,0
15,Upper,Female,2017,0
16,Lower,Female,2017,1
16,Upper,Female,2017,2
17,Lower,Female,2017,2
17,Upper,Female,2017,4
18,Lower,Female,2017,4
18,Upper,Female,2017,6
19,Lower,Female,2017,6
19,Upper,Female,2017,8
20,Lower,Female,2017,9
20,Upper,Female,2017,8
21,Lower,Female,2017,12
21,Upper,Female,2017,9
22,Lower,Female,2017,12
22,Upper,Female,2017,10
23,Lower,Female,2017,11
23,Upper,Female,2017,11
24,Lower,Female,2017,9
24,Upper,Female,2017,13
25,Lower,Female,2017,5
25,Upper,Female,2017,14
26,Lower,Female,2017,18
26,Upper,Female,2017,12
27,Lower,Female,2017,14
27,Upper,Female,2017,6
28,Lower,Female,2017,13
28,Upper,Female,2017,18
29,Lower,Female,2017,9
29,Upper,Female,2017,17
30,Lower,Female,2017,14
30,Upper,Female,2017,11
31,Lower,Female,2017,13
31,Upper,Female,2017,9
32,Lower,Female,2017,6
32,Upper,Female,2017,12
33,Lower,Female,2017,11
33,Upper,Female,2017,14
34,Lower,Female,2017,4
34,Upper,Female,2017,7
35,Lower,Female,2017,8
35,Upper,Female,2017,7
36,Lower,Female,2017,5
36,Upper,Female,2017,6
37,Lower,Female,2017,0
37,Upper,Female,2017,2
38,Lower,Female,2017,2
38,Upper,Female,2017,2
39,Lower,Female,2017,1
39,Upper,Female,2017,2
40,Lower,Female,2017,4
40,Upper,Female,2017,0
41,Lower,Female,2017,0
41,Upper,Female,2017,1
42,Lower,Female,2017,0
42,Upper,Female,2017,0
43,Lower,Female,2017,0
43,Upper,Female,2017,0
44,Lower,Female,2017,0
44,Upper,Female,2017,1
45,Lower,Female,2017,0
45,Upper,Female,2017,0
46,Lower,Female,2017,0
46,Upper,Female,2017,0
47,Lower,Female,2017,0
47,Upper,Female,2017,0
48,Lower,Female,2017,0
48,Upper,Female,2017,0
49,Lower,Female,2017,0
49,Upper,Female,2017,0
50,Lower,Female,2017,0
50,Upper,Female,2017,0
13,Lower,Male,2017,0
13,Upper,Male,2017,0
14,Lower,Male,2017,0
14,Upper,Male,2017,0
15,Lower,Male,2017,1
15,Upper,Male,2017,0
16,Lower,Male,2017,1
16,Upper,Male,2017,6
17,Lower,Male,2017,1
17,Upper,Male,2017,3
18,Lower,Male,2017,3
18,Upper,Male,2017,6
19,Lower,Male,2017,10
19,Upper,Male,2017,8
20,Lower,Male,2017,10
20,Upper,Male,2017,13
21,Lower,Male,2017,14
21,Upper,Male,2017,13
22,Lower,Male,2017,4
22,Upper,Male,2017,5
23,Lower,Male,2017,15
23,Upper,Male,2017,14
24,Lower,Male,2017,11
24,Upper,Male,2017,10
25,Lower,Male,2017,10
25,Upper,Male,2017,14
26,Lower,Male,2017,18
26,Upper,Male,2017,16
27,Lower,Male,2017,11
27,Upper,Male,2017,14
28,Lower,Male,2017,19
28,Upper,Male,2017,16
29,Lower,Male,2017,19
29,Upper,Male,2017,9
30,Lower,Male,2017,13
30,Upper,Male,2017,12
31,Lower,Male,2017,5
31,Upper,Male,2017,7
32,Lower,Male,2017,12
32,Upper,Male,2017,13
33,Lower,Male,2017,17
33,Upper,Male,2017,10
34,Lower,Male,2017,9
34,Upper,Male,2017,5
35,Lower,Male,2017,6
35,Upper,Male,2017,4
36,Lower,Male,2017,7
36,Upper,Male,2017,5
37,Lower,Male,2017,2
37,Upper,Male,2017,5
38,Lower,Male,2017,6
38,Upper,Male,2017,5
39,Lower,Male,2017,2
39,Upper,Male,2017,4
40,Lower,Male,2017,1
40,Upper,Male,2017,0
41,Lower,Male,2017,2
41,Upper,Male,2017,0
42,Lower,Male,2017,0
42,Upper,Male,2017,0
43,Lower,Male,2017,0
43,Upper,Male,2017,0
44,Lower,Male,2017,1
44,Upper,Male,2017,1
45,Lower,Male,2017,0
45,Upper,Male,2017,0
46,Lower,Male,2017,0
46,Upper,Male,2017,0
47,Lower,Male,2017,0
47,Upper,Male,2017,0
48,Lower,Male,2017,0
48,Upper,Male,2017,0
49,Lower,Male,2017,0
49,Upper,Male,2017,0
50,Lower,Male,2017,0
50,Upper,Male,2017,0
13,Lower,Female,2018,0
13,Upper,Female,2018,0
14,Lower,Female,2018,0
14,Upper,Female,2018,0
15,Lower,Female,2018,0
15,Upper,Female,2018,0
16,Lower,Female,2018,0
16,Upper,Female,2018,3
17,Lower,Female,2018,2
17,Upper,Female,2018,1
18,Lower,Female,2018,0
18,Upper,Female,2018,5
19,Lower,Female,2018,12
19,Upper,Female,2018,8
20,Lower,Female,2018,6
20,Upper,Female,2018,10
21,Lower,Female,2018,6
21,Upper,Female,2018,6
22,Lower,Female,2018,12
22,Upper,Female,2018,6
23,Lower,Female,2018,12
23,Upper,Female,2018,18
24,Lower,Female,2018,14
24,Upper,Female,2018,15
25,Lower,Female,2018,10
25,Upper,Female,2018,14
26,Lower,Female,2018,13
26,Upper,Female,2018,12
27,Lower,Female,2018,15
27,Upper,Female,2018,12
28,Lower,Female,2018,10
28,Upper,Female,2018,11
29,Lower,Female,2018,16
29,Upper,Female,2018,19
30,Lower,Female,2018,15
30,Upper,Female,2018,9
31,Lower,Female,2018,13
31,Upper,Female,2018,3
32,Lower,Female,2018,8
32,Upper,Female,2018,7
33,Lower,Female,2018,8
33,Upper,Female,2018,7
34,Lower,Female,2018,5
34,Upper,Female,2018,2
35,Lower,Female,2018,2
35,Upper,Female,2018,2
36,Lower,Female,2018,6
36,Upper,Female,2018,7
37,Lower,Female,2018,0
37,Upper,Female,2018,4
38,Lower,Female,2018,2
38,Upper,Female,2018,4
39,Lower,Female,2018,3
39,Upper,Female,2018,2
40,Lower,Female,2018,1
40,Upper,Female,2018,6
41,Lower,Female,2018,0
41,Upper,Female,2018,2
42,Lower,Female,2018,0
42,Upper,Female,2018,1
43,Lower,Female,2018,0
43,Upper,Female,2018,0
44,Lower,Female,2018,0
44,Upper,Female,2018,0
45,Lower,Female,2018,0
45,Upper,Female,2018,0
46,Lower,Female,2018,0
46,Upper,Female,2018,0
47,Lower,Female,2018,0
47,Upper,Female,2018,0
48,Lower,Female,2018,0
48,Upper,Female,2018,0
49,Lower,Female,2018,0
49,Upper,Female,2018,0
50,Lower,Female,2018,0
50,Upper,Female,2018,0
13,Lower,Male,2018,0
13,Upper,Male,2018,0
14,Lower,Male,2018,0
14,Upper,Male,2018,1
15,Lower,Male,2018,1
15,Upper,Male,2018,1
16,Lower,Male,2018,3
16,Upper,Male,2018,3
17,Lower,Male,2018,1
17,Upper,Male,2018,3
18,Lower,Male,2018,2
18,Upper,Male,2018,7
19,Lower,Male,2018,9
19,Upper,Male,2018,7
20,Lower,Male,2018,9
20,Upper,Male,2018,8
21,Lower,Male,2018,15
21,Upper,Male,2018,11
22,Lower,Male,2018,13
22,Upper,Male,2018,14
23,Lower,Male,2018,11
23,Upper,Male,2018,8
24,Lower,Male,2018,14
24,Upper,Male,2018,11
25,Lower,Male,2018,17
25,Upper,Male,2018,13
26,Lower,Male,2018,11
26,Upper,Male,2018,10
27,Lower,Male,2018,12
27,Upper,Male,2018,12
28,Lower,Male,2018,21
28,Upper,Male,2018,9
29,Lower,Male,2018,12
29,Upper,Male,2018,4
30,Lower,Male,2018,11
30,Upper,Male,2018,14
31,Lower,Male,2018,11
31,Upper,Male,2018,16
32,Lower,Male,2018,9
32,Upper,Male,2018,11
33,Lower,Male,2018,15
33,Upper,Male,2018,8
34,Lower,Male,2018,2
34,Upper,Male,2018,8
35,Lower,Male,2018,9
35,Upper,Male,2018,7
36,Lower,Male,2018,5
36,Upper,Male,2018,7
37,Lower,Male,2018,3
37,Upper,Male,2018,3
38,Lower,Male,2018,4
38,Upper,Male,2018,4
39,Lower,Male,2018,3
39,Upper,Male,2018,1
40,Lower,Male,2018,2
40,Upper,Male,2018,2
41,Lower,Male,2018,3
41,Upper,Male,2018,1
42,Lower,Male,2018,0
42,Upper,Male,2018,0
43,Lower,Male,2018,0
43,Upper,Male,2018,0
44,Lower,Male,2018,0
44,Upper,Male,2018,0
45,Lower,Male,2018,0
45,Upper,Male,2018,0
46,Lower,Male,2018,0
46,Upper,Male,2018,0
47,Lower,Male,2018,0
47,Upper,Male,2018,0
48,Lower,Male,2018,0
48,Upper,Male,2018,0
49,Lower,Male,2018,0
49,Upper,Male,2018,0
50,Lower,Male,2018,0
50,Upper,Male,2018,0
13,Lower,Female,2019,0
13,Upper,Female,2019,0
14,Lower,Female,2019,0
14,Upper,Female,2019,0
15,Lower,Female,2019,0
15,Upper,Female,2019,0
16,Lower,Female,2019,0
16,Upper,Female,2019,1
17,Lower,Female,2019,2
17,Upper,Female,2019,3
18,Lower,Female,2019,5
18,Upper,Female,2019,5
19,Lower,Female,2019,5
19,Upper,Female,2019,9
20,Lower,Female,2019,10
20,Upper,Female,2019,6
21,Lower,Female,2019,16
21,Upper,Female,2019,9
22,Lower,Female,2019,15
22,Upper,Female,2019,14
23,Lower,Female,2019,15
23,Upper,Female,2019,6
24,Lower,Female,2019,11
24,Upper,Female,2019,10
25,Lower,Female,2019,5
25,Upper,Female,2019,11
26,Lower,Female,2019,15
26,Upper,Female,2019,11
27,Lower,Female,2019,12
27,Upper,Female,2019,11
28,Lower,Female,2019,15
28,Upper,Female,2019,17
29,Lower,Female,2019,6
29,Upper,Female,2019,19
30,Lower,Female,2019,16
30,Upper,Female,2019,19
31,Lower,Female,2019,11
31,Upper,Female,2019,9
32,Lower,Female,2019,12
32,Upper,Female,2019,13
33,Lower,Female,2019,8
33,Upper,Female,2019,5
34,Lower,Female,2019,9
34,Upper,Female,2019,5
35,Lower,Female,2019,6
35,Upper,Female,2019,6
36,Lower,Female,2019,9
36,Upper,Female,2019,7
37,Lower,Female,2019,9
37,Upper,Female,2019,4
38,Lower,Female,2019,2
38,Upper,Female,2019,4
39,Lower,Female,2019,1
39,Upper,Female,2019,4
40,Lower,Female,2019,0
40,Upper,Female,2019,1
41,Lower,Female,2019,1
41,Upper,Female,2019,2
42,Lower,Female,2019,1
42,Upper,Female,2019,0
43,Lower,Female,2019,1
43,Upper,Female,2019,0
44,Lower,Female,2019,0
44,Upper,Female,2019,0
45,Lower,Female,2019,0
45,Upper,Female,2019,0
46,Lower,Female,2019,0
46,Upper,Female,2019,0
47,Lower,Female,2019,0
47,Upper,Female,2019,0
48,Lower,Female,2019,0
48,Upper,Female,2019,0
49,Lower,Female,2019,0
49,Upper,Female,2019,0
50,Lower,Female,2019,0
50,Upper,Female,2019,0
13,Lower,Male,2019,0
13,Upper,Male,2019,0
14,Lower,Male,2019,0
14,Upper,Male,2019,0
15,Lower,Male,2019,0
15,Upper,Male,2019,0
16,Lower,Male,2019,1
16,Upper,Male,2019,1
17,Lower,Male,2019,2
17,Upper,Male,2019,2
18,Lower,Male,2019,2
18,Upper,Male,2019,9
19,Lower,Male,2019,7
19,Upper,Male,2019,11
20,Lower,Male,2019,8
20,Upper,Male,2019,11
21,Lower,Male,2019,13
21,Upper,Male,2019,14
22,Lower,Male,2019,10
22,Upper,Male,2019,12
23,Lower,Male,2019,14
23,Upper,Male,2019,14
24,Lower,Male,2019,7
24,Upper,Male,2019,9
25,Lower,Male,2019,16
25,Upper,Male,2019,13
26,Lower,Male,2019,11
26,Upper,Male,2019,14
27,Lower,Male,2019,15
27,Upper,Male,2019,10
28,Lower,Male,2019,13
28,Upper,Male,2019,10
29,Lower,Male,2019,13
29,Upper,Male,2019,8
30,Lower,Male,2019,16
30,Upper,Male,2019,12
31,Lower,Male,2019,9
31,Upper,Male,2019,8
32,Lower,Male,2019,14
32,Upper,Male,2019,11
33,Lower,Male,2019,13
33,Upper,Male,2019,12
34,Lower,Male,2019,5
34,Upper,Male,2019,6
35,Lower,Male,2019,12
35,Upper,Male,2019,2
36,Lower,Male,2019,4
36,Upper,Male,2019,0
37,Lower,Male,2019,4
37,Upper,Male,2019,2
38,Lower,Male,2019,5
38,Upper,Male,2019,3
39,Lower,Male,2019,2
39,Upper,Male,2019,2
40,Lower,Male,2019,3
40,Upper,Male,2019,2
41,Lower,Male,2019,1
41,Upper,Male,2019,0
42,Lower,Male,2019,0
42,Upper,Male,2019,0
43,Lower,Male,2019,1
43,Upper,Male,2019,0
44,Lower,Male,2019,0
44,Upper,Male,2019,0
45,Lower,Male,2019,1
45,Upper,Male,2019,0
46,Lower,Male,2019,0
46,Upper,Male,2019,0
47,Lower,Male,2019,0
47,Upper,Male,2019,0
48,Lower,Male,2019,0
48,Upper,Male,2019,0
49,Lower,Male,2019,0
49,Upper,Male,2019,0
50,Lower,Male,2019,0
50,Upper,Male,2019,0
13,Lower,Female,2020,0
13,Upper,Female,2020,0
14,Lower,Female,2020,1
14,Upper,Female,2020,0
15,Lower,Female,2020,3
15,Upper,Female,2020,0
16,Lower,Female,2020,2
16,Upper,Female,2020,1
17,Lower,Female,2020,0
17,Upper,Female,2020,2
18,Lower,Female,2020,8
18,Upper,Female,2020,3
19,Lower,Female,2020,5
19,Upper,Female,2020,14
20,Lower,Female,2020,6
20,Upper,Female,2020,8
21,Lower,Female,2020,13
21,Upper,Female,2020,15
22,Lower,Female,2020,10
22,Upper,Female,2020,15
23,Lower,Female,2020,9
23,Upper,Female,2020,9
24,Lower,Female,2020,15
24,Upper,Female,2020,13
25,Lower,Female,2020,15
25,Upper,Female,2020,14
26,Lower,Female,2020,16
26,Upper,Female,2020,6
27,Lower,Female,2020,6
27,Upper,Female,2020,13
28,Lower,Female,2020,9
28,Upper,Female,2020,14
29,Lower,Female,2020,11
29,Upper,Female,2020,10
30,Lower,Female,2020,8
30,Upper,Female,2020,12
31,Lower,Female,2020,12
31,Upper,Female,2020,10
32,Lower,Female,2020,12
32,Upper,Female,2020,8
33,Lower,Female,2020,10
33,Upper,Female,2020,4
34,Lower,Female,2020,5
34,Upper,Female,2020,8
35,Lower,Female,2020,8
35,Upper,Female,2020,4
36,Lower,Female,2020,9
36,Upper,Female,2020,4
37,Lower,Female,2020,6
37,Upper,Female,2020,6
38,Lower,Female,2020,4
38,Upper,Female,2020,4
39,Lower,Female,2020,3
39,Upper,Female,2020,3
40,Lower,Female,2020,5
40,Upper,Female,2020,1
41,Lower,Female,2020,3
41,Upper,Female,2020,1
42,Lower,Female,2020,0
42,Upper,Female,2020,0
43,Lower,Female,2020,0
43,Upper,Female,2020,0
44,Lower,Female,2020,0
44,Upper,Female,2020,0
45,Lower,Female,2020,1
45,Upper,Female,2020,0
46,Lower,Female,2020,0
46,Upper,Female,2020,0
47,Lower,Female,2020,0
47,Upper,Female,2020,0
48,Lower,Female,2020,0
48,Upper,Female,2020,0
49,Lower,Female,2020,0
49,Upper,Female,2020,0
50,Lower,Female,2020,0
50,Upper,Female,2020,0
13,Lower,Male,2020,0
13,Upper,Male,2020,0
14,Lower,Male,2020,0
14,Upper,Male,2020,0
15,Lower,Male,2020,0
15,Upper,Male,2020,1
16,Lower,Male,2020,0
16,Upper,Male,2020,3
17,Lower,Male,2020,2
17,Upper,Male,2020,2
18,Lower,Male,2020,3
18,Upper,Male,2020,6
19,Lower,Male,2020,4
19,Upper,Male,2020,2
20,Lower,Male,2020,6
20,Upper,Male,2020,5
21,Lower,Male,2020,9
21,Upper,Male,2020,32
22,Lower,Male,2020,4
22,Upper,Male,2020,10
23,Lower,Male,2020,13
23,Upper,Male,2020,14
24,Lower,Male,2020,17
24,Upper,Male,2020,5
25,Lower,Male,2020,9
25,Upper,Male,2020,17
26,Lower,Male,2020,14
26,Upper,Male,2020,11
27,Lower,Male,2020,12
27,Upper,Male,2020,15
28,Lower,Male,2020,15
28,Upper,Male,2020,7
29,Lower,Male,2020,12
29,Upper,Male,2020,14
30,Lower,Male,2020,12
30,Upper,Male,2020,14
31,Lower,Male,2020,16
31,Upper,Male,2020,6
32,Lower,Male,2020,17
32,Upper,Male,2020,12
33,Lower,Male,2020,10
33,Upper,Male,2020,10
34,Lower,Male,2020,6
34,Upper,Male,2020,7
35,Lower,Male,2020,7
35,Upper,Male,2020,7
36,Lower,Male,2020,9
36,Upper,Male,2020,9
37,Lower,Male,2020,3
37,Upper,Male,2020,4
38,Lower,Male,2020,2
38,Upper,Male,2020,2
39,Lower,Male,2020,3
39,Upper,Male,2020,3
40,Lower,Male,2020,1
40,Upper,Male,2020,2
41,Lower,Male,2020,2
41,Upper,Male,2020,0
42,Lower,Male,2020,0
42,Upper,Male,2020,1
43,Lower,Male,2020,0
43,Upper,Male,2020,1
44,Lower,Male,2020,2
44,Upper,Male,2020,0
45,Lower,Male,2020,0
45,Upper,Male,2020,0
46,Lower,Male,2020,0
46,Upper,Male,2020,1
47,Lower,Male,2020,0
47,Upper,Male,2020,0
48,Lower,Male,2020,0
48,Upper,Male,2020,0
49,Lower,Male,2020,0
49,Upper,Male,2020,0
50,Lower,Male,2020,0
50,Upper,Male,2020,0
